{
  "epoch": 10,
  "best_val_loss": 2.891729414463043,
  "train_metrics": {
    "total_loss": [
      3.0518144491391306,
      1.2866656734393194,
      1.2571755800491724,
      1.3039563558040521,
      1.2848797073731055,
      1.1602486906907497,
      1.0778758036784637,
      1.055991455148428,
      1.04785133095888,
      0.9980697807593223
    ],
    "reconstruction_loss": [
      1.4176578777722824,
      0.973128928970068,
      0.889485702300683,
      0.8784217945276163,
      0.816793652681204,
      0.7716280424442047,
      0.7397342461806077,
      0.7228205853547806,
      0.7255153480248574,
      0.7016126830608417
    ],
    "kl_loss": [
      5.447188377953493,
      1.0451224324030755,
      1.2256328769219227,
      1.4184484741626642,
      1.5602868008307922,
      1.2954021187929006,
      1.127138492006522,
      1.110569527133917,
      1.0744532495737076,
      0.9881902772646683
    ],
    "property_loss": [
      0.0,
      0.0,
      0.0,
      0.0,
      0.0,
      0.0,
      0.0,
      0.0,
      0.0,
      0.0
    ]
  },
  "val_metrics": {
    "total_loss": [
      1.8954475283622743,
      2.2672701120376586,
      2.4274813413619993,
      2.945562255382538,
      3.0025400519371033,
      2.9993173599243166,
      2.968725657463074,
      2.980686068534851,
      2.9744605898857115,
      2.891729414463043
    ],
    "reconstruction_loss": [
      1.4256685197353363,
      1.392573219537735,
      1.2808427929878234,
      1.0830369502305985,
      0.9894082427024842,
      0.9294885188341141,
      0.8541941940784454,
      0.957025483250618,
      0.9215870141983032,
      0.787362015247345
    ],
    "kl_loss": [
      1.5659299314022064,
      2.9156562447547913,
      3.822128438949585,
      6.208417391777038,
      6.7104391098022464,
      6.899429035186768,
      7.048437881469726,
      6.745535063743591,
      6.842911696434021,
      7.014557480812073
    ],
    "property_loss": [
      0.0,
      0.0,
      0.0,
      0.0,
      0.0,
      0.0,
      0.0,
      0.0,
      0.0,
      0.0
    ]
  },
  "model_config": {
    "node_dim": 24,
    "edge_dim": 6,
    "latent_dim": 32,
    "num_properties": 1,
    "max_nodes": 20,
    "beta": 1.0,
    "gamma": 0.3
  },
  "timestamp": "2025-10-17T11:20:54.252404"
}