{
  "epoch": 30,
  "best_val_loss": 2.3062480796467173,
  "train_metrics": {
    "total_loss": [
      2.697016643776613,
      1.4799524791100447,
      1.4218669070917018,
      1.4237327204031103,
      1.317453213299022,
      1.2581416031893562,
      1.2372904034221874,
      1.2002083957195282,
      1.1686223703272203,
      1.1403188642333535,
      1.1203497869126937,
      1.1049643909229951,
      1.0853104601888095,
      1.0697979699162876,
      1.058775010880302,
      1.037010563471738,
      1.0309353526900797,
      1.0110244105843937,
      1.0941873006960925,
      1.0069958802531747,
      0.9926805419080398,
      0.9581991234246422,
      1.0611029758172876,
      0.9473657786846161,
      0.9250914538607878,
      0.9259941465714399,
      0.9126053732984206
    ],
    "reconstruction_loss": [
      1.570793122403762,
      1.1128268922076505,
      1.0412700032486635,
      0.989555055253646,
      0.955425748053719,
      0.9270810698761659,
      0.9157923544154448,
      0.9032894267755396,
      0.8922504554776585,
      0.8839123799520381,
      0.8772262015763451,
      0.8701628008309532,
      0.864793776063358,
      0.8611558893147637,
      0.8576278623412638,
      0.8492442264276392,
      0.8495502254542182,
      0.8399403491440941,
      0.8599004149436951,
      0.8342418015003205,
      0.8240584909915925,
      0.812521099693635,
      0.8315598102176891,
      0.8072896266684813,
      0.7972166163079879,
      0.7957092565648696,
      0.7864017272696776
    ],
    "kl_loss": [
      3.754078286184984,
      1.2237518854000988,
      1.268656295888564,
      1.4472588346284978,
      1.2067581667619593,
      1.1035350771511303,
      1.0716601164901958,
      0.9897298539386076,
      0.9212396874147303,
      0.8546882478629841,
      0.8104119370965397,
      0.7826719368205352,
      0.7350555753006655,
      0.6954735685797299,
      0.6704904682496015,
      0.6258877720902948,
      0.6046170765862745,
      0.57028018139741,
      0.7809562490266913,
      0.5758468952249078,
      0.562073481258224,
      0.48559339519809275,
      0.7651438592111364,
      0.46692047715187074,
      0.4262494369464762,
      0.43428295149522667,
      0.42067880122100604
    ],
    "property_loss": [
      0.0,
      0.0,
      0.0,
      0.0,
      0.0,
      0.0,
      0.0,
      0.0,
      0.0,
      0.0,
      0.0,
      0.0,
      0.0,
      0.0,
      0.0,
      0.0,
      0.0,
      0.0,
      0.0,
      0.0,
      0.0,
      0.0,
      0.0,
      0.0,
      0.0,
      0.0,
      0.0
    ]
  },
  "val_metrics": {
    "total_loss": [
      1.986579802903262,
      2.331965619867498,
      2.5912196094339546,
      3.05957229570909,
      2.807200009172613,
      2.7382152297280054,
      2.801246773112904,
      2.7382371967489068,
      2.878728920763189,
      2.7150402719324287,
      2.802145990458402,
      2.7961678504943848,
      2.696900736201893,
      2.7791856310584326,
      2.6425378539345483,
      2.6739506938240747,
      2.7051613222468984,
      2.5872827009721235,
      2.3888637802817603,
      2.5777030099521983,
      2.5220453522422095,
      2.361170931295915,
      2.3375179984352807,
      2.340083664113825,
      2.315474022518505,
      2.4424414201216265,
      2.3062480796467173
    ],
    "reconstruction_loss": [
      1.2002093412659385,
      1.0501917438073591,
      1.0364718247543683,
      0.966230495409532,
      0.9069623703306372,
      0.8633897223255851,
      0.871815334666859,
      0.8497444499622692,
      0.8529359481551431,
      0.8271674351258711,
      0.8327384347265417,
      0.8197596750476144,
      0.8023717593063008,
      0.7932490841908888,
      0.7885280874642459,
      0.7863703695210543,
      0.7780578136444092,
      0.7696960622614081,
      0.7811754914847288,
      0.7570706795562397,
      0.7534150914712385,
      0.7386856431310828,
      0.7424188418821855,
      0.7314303056760267,
      0.7252871041948145,
      0.7326022792946209,
      0.7352373058145697
    ],
    "kl_loss": [
      2.621234731240706,
      4.2725794532082295,
      5.182492429559881,
      6.977805636145852,
      6.334125172008168,
      6.249418128620494,
      6.431437904184515,
      6.294975627552379,
      6.752642956647006,
      6.292909188704058,
      6.564691565253518,
      6.588027065450495,
      6.315096356652,
      6.619788083163175,
      6.180032383311879,
      6.291934208436445,
      6.423678224736994,
      6.058621948415583,
      5.3589607802304355,
      6.06877426667647,
      5.8954339460893115,
      5.4082841006192295,
      5.316996942866933,
      5.362177567048506,
      5.3006227666681465,
      5.699463475834239,
      5.2367023771459404
    ],
    "property_loss": [
      0.0,
      0.0,
      0.0,
      0.0,
      0.0,
      0.0,
      0.0,
      0.0,
      0.0,
      0.0,
      0.0,
      0.0,
      0.0,
      0.0,
      0.0,
      0.0,
      0.0,
      0.0,
      0.0,
      0.0,
      0.0,
      0.0,
      0.0,
      0.0,
      0.0,
      0.0,
      0.0
    ]
  },
  "model_config": {
    "node_dim": 24,
    "edge_dim": 6,
    "latent_dim": 32,
    "num_properties": 1,
    "max_nodes": 20,
    "beta": 1.0,
    "gamma": 0.3
  },
  "timestamp": "2025-10-16T17:43:55.970675"
}