{
  "epoch": 29,
  "best_val_loss": 2.356107711791992,
  "train_metrics": {
    "total_loss": [
      6.072071941275346,
      1.9024204664063036,
      1.965801571544848,
      2.0965411286605034,
      2.0255665716372038,
      1.765008204861691,
      1.5974119169670238,
      1.5352547147817779,
      1.5323815241194607,
      1.5929798954411556,
      1.3648258008454974,
      1.3127643894730954,
      1.3232955514338978,
      1.2565687476542957,
      1.2807254603034572,
      1.2235508676160847,
      1.1800611803406162,
      1.1845529518629376,
      1.3024160903796815
    ],
    "reconstruction_loss": [
      2.2327210631286887,
      1.3374662943053663,
      1.2696471799883926,
      1.2375765306907787,
      1.2017180543196828,
      1.164546472984448,
      1.100018720877798,
      1.0645498528815152,
      1.0484361115254854,
      1.0328505813029774,
      0.9841334244661164,
      0.9397022598668149,
      0.9430359957510965,
      0.9267446848384121,
      0.9114057024319967,
      0.9051492977560612,
      0.8961858718018783,
      0.8958158608068499,
      0.9270173687683908
    ],
    "kl_loss": [
      12.797836093526138,
      1.883180510579494,
      2.320514534649096,
      2.863215214327762,
      2.746161655375832,
      2.0015390400300945,
      1.6579772714982952,
      1.5690161470781292,
      1.613151322331345,
      1.867097622469852,
      1.2689745405264068,
      1.2435403748562461,
      1.2675318006883587,
      1.0994135026346172,
      1.2310657961326732,
      1.061338536572038,
      0.9462509761776841,
      0.9624569478787874,
      1.2513290340440315
    ],
    "property_loss": [
      0.0,
      0.0,
      0.0,
      0.0,
      0.0,
      0.0,
      0.0,
      0.0,
      0.0,
      0.0,
      0.0,
      0.0,
      0.0,
      0.0,
      0.0,
      0.0,
      0.0,
      0.0,
      0.0
    ]
  },
  "val_metrics": {
    "total_loss": [
      2.2692545652389526,
      2.4205478131771088,
      2.7131049036979675,
      3.0315522253513336,
      3.3645159304142,
      3.133465051651001,
      3.198870301246643,
      3.1126270294189453,
      3.051936775445938,
      2.5844434797763824,
      2.6185187995433807,
      2.5607267320156097,
      2.479873478412628,
      2.6351236402988434,
      2.6863302886486053,
      2.6052743196487427,
      2.4987080693244934,
      2.4544199109077454,
      2.356107711791992
    ],
    "reconstruction_loss": [
      1.6101156622171402,
      1.537237897515297,
      1.513030931353569,
      1.3292874544858932,
      1.281097173690796,
      1.2464551031589508,
      1.1467152684926987,
      1.1998320370912552,
      1.173330008983612,
      0.9865832105278969,
      0.942491389811039,
      0.9099288880825043,
      0.8699720576405525,
      0.8986483067274094,
      0.8957082852721214,
      0.8555125147104263,
      0.847575381398201,
      0.826007753610611,
      0.8463724479079247
    ],
    "kl_loss": [
      2.1971295773983,
      2.9443662762641907,
      4.000246495008469,
      5.67421567440033,
      6.944728672504425,
      6.290032804012299,
      6.840516686439514,
      6.375982880592346,
      6.2620221972465515,
      5.326200842857361,
      5.586758017539978,
      5.502659261226654,
      5.366337776184082,
      5.788250923156738,
      5.968739807605743,
      5.832539141178131,
      5.503775417804718,
      5.428040266036987,
      5.032450616359711
    ],
    "property_loss": [
      0.0,
      0.0,
      0.0,
      0.0,
      0.0,
      0.0,
      0.0,
      0.0,
      0.0,
      0.0,
      0.0,
      0.0,
      0.0,
      0.0,
      0.0,
      0.0,
      0.0,
      0.0,
      0.0
    ]
  },
  "model_config": {
    "node_dim": 24,
    "edge_dim": 6,
    "latent_dim": 32,
    "num_properties": 1,
    "max_nodes": 20,
    "beta": 1.0,
    "gamma": 0.3
  },
  "timestamp": "2025-10-15T23:56:42.542174"
}