{
  "epoch": 29,
  "best_val_loss": 2.2857126593589783,
  "train_metrics": {
    "total_loss": [
      3.0518144491391306,
      1.2866656734393194,
      1.2571755800491724,
      1.3039563558040521,
      1.2848797073731055,
      1.1602486906907497,
      1.0778758036784637,
      1.055991455148428,
      1.04785133095888,
      0.9980697807593223,
      1.0267732361188302,
      0.9365243541124539,
      0.8875519518668835,
      0.8704638183116913,
      0.8590754488339791,
      0.8402964530082849,
      0.8263250734561529,
      0.816168765609081,
      0.7933218570855948,
      0.8605153824274356,
      0.8040486807242418,
      0.792524787860039,
      0.790602642756242,
      0.7647600961037171,
      0.8523242794550382,
      0.8013116980974491,
      0.7736523762727395,
      0.7723201895371462
    ],
    "reconstruction_loss": [
      1.4176578777722824,
      0.973128928970068,
      0.889485702300683,
      0.8784217945276163,
      0.816793652681204,
      0.7716280424442047,
      0.7397342461806077,
      0.7228205853547806,
      0.7255153480248574,
      0.7016126830608417,
      0.7051239009851065,
      0.6772734931646249,
      0.667491869857678,
      0.663712990971712,
      0.6620921003512847,
      0.6528756415996796,
      0.6432564564240284,
      0.6417119684509742,
      0.642493609052438,
      0.6584232927132876,
      0.6458908638510948,
      0.6361624992046601,
      0.6372528561414816,
      0.6244069104775404,
      0.6656992099223993,
      0.6481222090048667,
      0.6396459534000127,
      0.6421087678426352
    ],
    "kl_loss": [
      5.447188377953493,
      1.0451224324030755,
      1.2256328769219227,
      1.4184484741626642,
      1.5602868008307922,
      1.2954021187929006,
      1.127138492006522,
      1.110569527133917,
      1.0744532495737076,
      0.9881902772646683,
      1.072164385364606,
      0.8641695061173195,
      0.7335335818620828,
      0.6891693967657212,
      0.6566111451158156,
      0.6247360142759788,
      0.6102287024259567,
      0.5815226351603483,
      0.5027608071000148,
      0.6736402758038961,
      0.5271927007497885,
      0.5212076000678234,
      0.5111659398445716,
      0.46784392629678434,
      0.6220835311672627,
      0.5106316088483884,
      0.4466880664993555,
      0.4340380541025064
    ],
    "property_loss": [
      0.0,
      0.0,
      0.0,
      0.0,
      0.0,
      0.0,
      0.0,
      0.0,
      0.0,
      0.0,
      0.0,
      0.0,
      0.0,
      0.0,
      0.0,
      0.0,
      0.0,
      0.0,
      0.0,
      0.0,
      0.0,
      0.0,
      0.0,
      0.0,
      0.0,
      0.0,
      0.0,
      0.0
    ]
  },
  "val_metrics": {
    "total_loss": [
      1.8954475283622743,
      2.2672701120376586,
      2.4274813413619993,
      2.945562255382538,
      3.0025400519371033,
      2.9993173599243166,
      2.968725657463074,
      2.980686068534851,
      2.9744605898857115,
      2.891729414463043,
      2.9757238149642946,
      2.7132929086685182,
      2.794335627555847,
      2.6490771174430847,
      2.676161766052246,
      2.6892627000808718,
      2.6808945775032043,
      2.5652945399284364,
      2.516766619682312,
      2.4378090262413026,
      2.5077307343482973,
      2.4960590839385985,
      2.41490216255188,
      2.369694781303406,
      2.2885072350502016,
      2.4168352842330934,
      2.3381983399391175,
      2.2857126593589783
    ],
    "reconstruction_loss": [
      1.4256685197353363,
      1.392573219537735,
      1.2808427929878234,
      1.0830369502305985,
      0.9894082427024842,
      0.9294885188341141,
      0.8541941940784454,
      0.957025483250618,
      0.9215870141983032,
      0.787362015247345,
      0.8367763757705688,
      0.7815706074237824,
      0.8032959848642349,
      0.754798310995102,
      0.7239360600709915,
      0.7340332984924316,
      0.7308702528476715,
      0.7127802491188049,
      0.7028620958328247,
      0.6839045614004136,
      0.6563330829143524,
      0.6355152353644371,
      0.6520331978797913,
      0.6391297370195389,
      0.6625877887010574,
      0.6521562874317169,
      0.6321036696434021,
      0.6432706207036972
    ],
    "kl_loss": [
      1.5659299314022064,
      2.9156562447547913,
      3.822128438949585,
      6.208417391777038,
      6.7104391098022464,
      6.899429035186768,
      7.048437881469726,
      6.745535063743591,
      6.842911696434021,
      7.014557480812073,
      7.129824376106262,
      6.439074087142944,
      6.6367985010147095,
      6.314262413978577,
      6.5074187278747555,
      6.517431044578553,
      6.500080800056457,
      6.175047445297241,
      6.046348261833191,
      5.84634792804718,
      6.171325373649597,
      6.201812648773194,
      5.876229643821716,
      5.768549823760987,
      5.41973123550415,
      5.8822629928588865,
      5.686981940269471,
      5.474806475639343
    ],
    "property_loss": [
      0.0,
      0.0,
      0.0,
      0.0,
      0.0,
      0.0,
      0.0,
      0.0,
      0.0,
      0.0,
      0.0,
      0.0,
      0.0,
      0.0,
      0.0,
      0.0,
      0.0,
      0.0,
      0.0,
      0.0,
      0.0,
      0.0,
      0.0,
      0.0,
      0.0,
      0.0,
      0.0,
      0.0
    ]
  },
  "model_config": {
    "node_dim": 24,
    "edge_dim": 6,
    "latent_dim": 32,
    "num_properties": 1,
    "max_nodes": 20,
    "beta": 1.0,
    "gamma": 0.3
  },
  "timestamp": "2025-10-18T10:07:45.486463"
}